Sensor ID,Latitude,Longitude
22,-37.81786445,144.96506823
24,-37.81887962,144.95449198
6,-37.81911704,144.96558256
5,-37.81874249,144.96787656
4,-37.81487988,144.9660878
1,-37.8134944,144.96515324
28,-37.82129924,144.96879309
9,-37.81982992,144.95102556
35,-37.82017828,144.96508877
57,-37.8176735,144.95025595
